code,title,major_group
,Sales assistant,5
,Cashier,5
,Shelf packer / merchandiser,5
,Shop supervisor,5
,Street and market vendor,5
,Spaza or tuck shop assistant,5
,Waiter / waitress,5
,Barista,5
,Cook,5
,Fast food cook,5
,Kitchen assistant,5
,Hairdresser,5
,Nail technician,5
,Beauty therapist,5
,Child care worker,5
,Early childhood development (ECD) practitioner,5
,Home-based care worker,5
,Community health worker,5
,Security officer,5
,Car guard,5
,Tour guide,5
,Petrol attendant,5
,Call centre agent,5
,Debt collector,5
,Housekeeper,5
,Domestic worker,5
,General office clerk,4
,Receptionist,4
,Data capturer,4
,Filing clerk,4
,Stock clerk / storeperson,4
,Payroll clerk,4
,Bookkeeping clerk,4
,Admin assistant,4
,Customer service clerk,4
,Bank teller,4
,Library assistant,4
,Dispatch clerk,4
,Bricklayer,7
,Plasterer,7
,Painter,7
,Tiler,7
,Carpenter,7
,Plumber,7
,Electrician,7
,Welder,7
,Boilermaker,7
,Motor mechanic,7
,Panel beater,7
,Diesel mechanic,7
,Fitter and turner,7
,Baker,7
,Butcher,7
,Tailor / dressmaker,7
,Upholsterer,7
,Cellphone repair technician,7
,Solar panel installer,7
,Roofer,7
,Forklift operator,8
,Truck driver,8
,Delivery driver,8
,Taxi driver,8
,Bus driver,8
,Machine operator,8
,Sewing machine operator,8
,Packaging machine operator,8
,Earthmoving equipment operator,8
,Mine worker (machine operator),8
,Cleaner,9
,General worker,9
,Construction labourer,9
,Farm worker,9
,Fruit picker,9
,Garden worker,9
,Packer,9
,Warehouse assistant,9
,Kitchen hand / scullery,9
,Street sweeper,9
,Waste collector / recycler,9
,Messenger,9
,Loader,9
,Car washer,9
,Handyman,9
,Vegetable grower,6
,Poultry farmer,6
,Livestock farm worker,6
,Nursery worker,6
,IT support technician,3
,Pharmacy assistant,3
,Laboratory assistant,3
,Draughtsperson,3
,Quality inspector,3
,Safety officer,3
,Sports coach,3
,Social auxiliary worker,3
,Marketing assistant,3
,Graphic designer,3
,Junior accountant,3
,Teacher,2
,Registered nurse,2
,Software developer,2
,Accountant,2
,Shop manager,1
,Restaurant manager,1
,Small business owner / manager,1
